{
  "model_path": "/scratch-shared/mivanov1/hnet/checkpoints/train/train_hnet_1stage_L_700M_baseline/latest.pt",
  "config_path": "configs/hnet_1stage_L.json",
  "tasks": [
    "lambada_openai",
    "hellaswag",
    "piqa",
    "arc_easy",
    "arc_challenge",
    "winogrande",
    "openbookqa"
  ],
  "num_fewshot": 0,
  "batch_size": 4,
  "max_length": 8192,
  "timestamp": "20260223_171335",
  "results": {
    "arc_challenge": {
      "alias": "arc_challenge",
      "acc,none": 0.16040955631399317,
      "acc_stderr,none": 0.010724336059110865,
      "acc_norm,none": 0.20819112627986347,
      "acc_norm_stderr,none": 0.011864866118448116
    },
    "arc_easy": {
      "alias": "arc_easy",
      "acc,none": 0.36742424242424243,
      "acc_stderr,none": 0.009892552616211405,
      "acc_norm,none": 0.35353535353535354,
      "acc_norm_stderr,none": 0.00980972894815166
    },
    "hellaswag": {
      "alias": "hellaswag",
      "acc,none": 0.27673770165305717,
      "acc_stderr,none": 0.00446471349368615,
      "acc_norm,none": 0.29087831109340767,
      "acc_norm_stderr,none": 0.004532393111248667
    },
    "lambada_openai": {
      "alias": "lambada_openai",
      "perplexity,none": 187.31951393998582,
      "perplexity_stderr,none": 7.159562688578518,
      "acc,none": 0.1340966427323889,
      "acc_stderr,none": 0.004747399033321111
    },
    "openbookqa": {
      "alias": "openbookqa",
      "acc,none": 0.154,
      "acc_stderr,none": 0.016158285192455334,
      "acc_norm,none": 0.262,
      "acc_norm_stderr,none": 0.019684688820194637
    },
    "piqa": {
      "alias": "piqa",
      "acc,none": 0.5788900979325353,
      "acc_stderr,none": 0.011519701059151354,
      "acc_norm,none": 0.559847660500544,
      "acc_norm_stderr,none": 0.011581954727227383
    },
    "winogrande": {
      "alias": "winogrande",
      "acc,none": 0.5011838989739542,
      "acc_stderr,none": 0.014052446290528871
    }
  }
}