{
  "model_path": "/scratch-shared/mivanov1/hnet/checkpoints/train/train_hnet_1stage_L_700M_multiheaded_boundaries/model_step10000.pt",
  "model_config_path": "configs/hnet_1stage_L_multiheaded_boundaries.json",
  "routing_modules": [
    {
      "Q": {
        "singular_values": {
          "min": 0.0007333091925829649,
          "max": 9.261800765991211,
          "mean": 0.962681233882904,
          "std": 1.0945076942443848,
          "top10": [
            9.261800765991211,
            8.348594665527344,
            8.236529350280762,
            7.019588470458984,
            6.728884696960449,
            6.539243221282959,
            6.4402666091918945,
            6.1234450340271,
            5.956727981567383,
            5.824518203735352
          ],
          "num_deviating_01": 951,
          "num_dead_001": 6
        },
        "frobenius_distance_from_I": 43.058738708496094,
        "orthogonality_distance": 209.49803161621094,
        "effective_rank": {
          "90pct": 290,
          "99pct": 728,
          "999pct": 900
        }
      },
      "K": {
        "singular_values": {
          "min": 0.00011643509060377255,
          "max": 8.926819801330566,
          "mean": 0.9663424491882324,
          "std": 1.0952576398849487,
          "top10": [
            8.926819801330566,
            7.726986885070801,
            7.651935577392578,
            7.421139717102051,
            6.672671318054199,
            6.590213775634766,
            6.488631248474121,
            6.308746814727783,
            6.0243730545043945,
            5.907861232757568
          ],
          "num_deviating_01": 951,
          "num_dead_001": 6
        },
        "frobenius_distance_from_I": 42.815250396728516,
        "orthogonality_distance": 204.14404296875,
        "effective_rank": {
          "90pct": 288,
          "99pct": 726,
          "999pct": 898
        }
      },
      "QK_principal_angles_top20": [
        0.9833823442459106,
        0.9808940887451172,
        0.9774293303489685,
        0.9753870368003845,
        0.9706767797470093,
        0.9675591588020325,
        0.9648662805557251,
        0.9608955979347229,
        0.951556384563446,
        0.9462159276008606,
        0.9388730525970459,
        0.9247789978981018,
        0.919838547706604,
        0.9151602387428284,
        0.8886244297027588,
        0.8339378237724304,
        0.7482262253761292,
        0.578494131565094,
        0.46607649326324463,
        0.061368342489004135
      ],
      "QK_pairwise_alignment_top5": [
        [
          0.6971698999404907,
          0.015293504111468792,
          0.36409711837768555,
          0.1626080572605133,
          0.19870002567768097
        ],
        [
          0.2120378315448761,
          0.012996072880923748,
          0.5664381384849548,
          0.5831320881843567,
          0.1083497554063797
        ],
        [
          0.43870046734809875,
          0.5535014867782593,
          0.3126836121082306,
          0.42188650369644165,
          0.264024019241333
        ],
        [
          0.0118252607062459,
          0.19724808633327484,
          0.3752698302268982,
          0.07098395377397537,
          0.24605369567871094
        ],
        [
          0.04226019233465195,
          0.02379799634218216,
          0.060926053673028946,
          0.09296786785125732,
          0.05885949730873108
        ]
      ],
      "multiheaded": {
        "heads": [
          {
            "head": 0,
            "singular_values_Q": [
              4.835469722747803,
              4.652070045471191,
              4.191501617431641,
              3.8843421936035156,
              3.7345693111419678
            ],
            "singular_values_K": [
              5.06517219543457,
              4.543299198150635,
              4.139627933502197,
              3.959723472595215,
              3.7878992557525635
            ],
            "QK_principal_angles": [
              0.9676162600517273,
              0.7978441119194031,
              0.5870565176010132
            ]
          },
          {
            "head": 1,
            "singular_values_Q": [
              5.086005210876465,
              4.411323547363281,
              4.144359111785889,
              4.037155628204346,
              3.8078579902648926
            ],
            "singular_values_K": [
              4.911660671234131,
              4.314292907714844,
              4.037609100341797,
              3.9222018718719482,
              3.8221819400787354
            ],
            "QK_principal_angles": [
              0.9174795746803284,
              0.7084553241729736,
              0.30517715215682983
            ]
          },
          {
            "head": 2,
            "singular_values_Q": [
              8.314598083496094,
              5.045710563659668,
              4.855233192443848,
              3.88303804397583,
              3.800391912460327
            ],
            "singular_values_K": [
              8.239638328552246,
              5.0159759521484375,
              4.5894083976745605,
              4.132157802581787,
              3.91640043258667
            ],
            "QK_principal_angles": [
              0.9594503045082092,
              0.8022118210792542,
              0.7716095447540283
            ]
          },
          {
            "head": 3,
            "singular_values_Q": [
              6.428316593170166,
              5.167134761810303,
              4.764523506164551,
              4.67918586730957,
              4.548358917236328
            ],
            "singular_values_K": [
              5.64501953125,
              5.427036762237549,
              4.827328205108643,
              4.723440647125244,
              4.596404075622559
            ],
            "QK_principal_angles": [
              0.9815108180046082,
              0.5283308029174805,
              0.03486538305878639
            ]
          }
        ],
        "cross_head_overlap": {
          "0-1": [
            0.7068718075752258,
            0.41541817784309387,
            0.20638470351696014
          ],
          "0-2": [
            0.6263061761856079,
            0.3873349130153656,
            0.04880737513303757
          ],
          "0-3": [
            0.6088225245475769,
            0.2688104808330536,
            0.08888532966375351
          ],
          "1-2": [
            0.6086840629577637,
            0.15266509354114532,
            0.07174144685268402
          ],
          "1-3": [
            0.5433741807937622,
            0.319711834192276,
            0.08408806473016739
          ],
          "2-3": [
            0.3025359809398651,
            0.2067459523677826,
            0.0710853785276413
          ]
        }
      },
      "depth": 0
    }
  ]
}